{
    "providers": [
        {
            "type": "bitmap",
            "file": "minecraft:ranks/member.png",
            "ascent": 8,
            "height": 8,
            "chars": ["\uE001"]
        },
        {
            "type": "bitmap",
            "file": "minecraft:ranks/owner.png",
            "ascent": 8,
            "height": 8,
            "chars": ["\uE002"]
        },
        {
            "type": "bitmap",
            "file": "minecraft:ranks/manager.png",
            "ascent": 8,
            "height": 8,
            "chars": ["\uE003"]
        },
        {
            "type": "bitmap",
            "file": "minecraft:ranks/helper.png",
            "ascent": 8,
            "height": 8,
            "chars": ["\uE004"]
        }
    ]
}