{
  "providers": [
    {
      "type": "bitmap",
      "file": "minecraft:ranks/member.png",
      "ascent": 8,
      "height": 8,
      "chars": ["\uE001"]
    },
    {
      "type": "bitmap",
      "file": "minecraft:ranks/owner.png",
      "ascent": 8,
      "height": 8,
      "chars": ["\uE002"]
    },
    {
      "type": "bitmap",
      "file": "minecraft:ranks/manager.png",
      "ascent": 8,
      "height": 8,
      "chars": ["\uE003"]
    },
    {
      "type": "bitmap",
      "file": "minecraft:ranks/helper.png",
      "ascent": 8,
      "height": 8,
      "chars": ["\uE004"]
    },
    {
      "type": "bitmap",
      "file": "minecraft:ranks/vip.png",
      "ascent": 8,
      "height": 8,
      "chars": ["\uE005"]
    },
    {
      "type": "bitmap",
      "file": "minecraft:ranks/vip_plus.png",
      "ascent": 8,
      "height": 8,
      "chars": ["\uE006"]
    },
    {
      "type": "bitmap",
      "file": "minecraft:ranks/mvp.png",
      "ascent": 8,
      "height": 8,
      "chars": ["\uE007"]
    },
    {
      "type": "bitmap",
      "file": "minecraft:ranks/mvp_plus.png",
      "ascent": 8,
      "height": 8,
      "chars": ["\uE008"]
    },
    {
      "type": "bitmap",
      "file": "minecraft:ranks/elite.png",
      "ascent": 8,
      "height": 8,
      "chars": ["\uE009"]
    }
  ]
}
