{
  "providers": [
    {
      "type":"bitmap","file":"sunpack:font/splitter.png","ascent":-9999,"height":-2,"chars":["󀀀"]},{"type":"space","advances":{"󏿰":-8}
    },
    {
      "type": "bitmap",
      "file": "sunpack:prefixes/ranks/member.png",
      "ascent": 8,
      "height": 8,
      "chars": ["\ue001"],
      "widths": [50]
    },
    {
      "type": "bitmap",
      "file": "sunpack:prefixes/ranks/vip.png",
      "ascent": 8,
      "height": 8,
      "chars": ["\ue002"],
      "widths": [27]
    },
    {
      "type": "bitmap",
      "file": "sunpack:prefixes/ranks/vip_plus.png",
      "ascent": 8,
      "height": 8,
      "chars": ["\ue003"],
      "widths": [34]
    },
    {
      "type": "bitmap",
      "file": "sunpack:prefixes/ranks/mvp.png",
      "ascent": 8,
      "height": 8,
      "chars": ["\ue004"],
      "widths": [29]
    },
    {
      "type": "bitmap",
      "file": "sunpack:prefixes/ranks/mvp_plus.png",
      "ascent": 8,
      "height": 8,
      "chars": ["\ue005"],
      "widths": [36]
    },
    {
      "type": "bitmap",
      "file": "sunpack:prefixes/ranks/elite.png",
      "ascent": 8,
      "height": 8,
      "chars": ["\ue006"],
      "widths": [41]
    },

    {
      "type": "bitmap",
      "file": "sunpack:prefixes/staff/chat_mod.png",
      "ascent": 8,
      "height": 8,
      "chars": ["\ue007"],
      "widths": [57]
    },

    {
      "type": "bitmap",
      "file": "sunpack:prefixes/staff/helper.png",
      "ascent": 8,
      "height": 8,
      "chars": ["\ue008"],
      "widths": [50]
    },
    
    {
      "type": "bitmap",
      "file": "sunpack:prefixes/staff/mod.png",
      "ascent": 8,
      "height": 8,
      "chars": ["\ue009"],
      "widths": [29]
    },
    
    {
      "type": "bitmap",
      "file": "sunpack:prefixes/staff/sr_mod.png",
      "ascent": 8,
      "height": 8,
      "chars": ["\ue00a"],
      "widths": [43]
    },
    
    {
      "type": "bitmap",
      "file": "sunpack:prefixes/staff/admin.png",
      "ascent": 8,
      "height": 8,
      "chars": ["\ue00b"],
      "widths": [41]
    },
    
    {
      "type": "bitmap",
      "file": "sunpack:prefixes/staff/manager.png",
      "ascent": 8,
      "height": 8,
      "chars": ["\ue00c"],
      "widths": [57]
    },
    
    {
      "type": "bitmap",
      "file": "sunpack:prefixes/staff/owner.png",
      "ascent": 8,
      "height": 8,
      "chars": ["\ue00d"],
      "widths": [43]
    },

    {
      "type": "bitmap",
      "file": "sunpack:gui/perks-menu.png",
      "ascent": 22,
      "height": 141,
      "chars": ["\ue00e"],
      "widths": [176]
    },
    {
      "type": "bitmap",
      "file": "sunpack:gui/kits-menu.png",
      "ascent": 22,
      "height": 231,
      "chars": ["\ue00f"],
      "widths": [176]
    },

    {
      "type": "bitmap",
      "file": "sunpack:emojis/cool.png",
      "ascent": 8,
      "height": 8,
      "chars": ["\ue010"],
      "widths": [8]
    },
    {
      "type": "bitmap",
      "file": "sunpack:emojis/sob.png",
      "ascent": 8,
      "height": 8,
      "chars": ["\ue011"],
      "widths": [8]
    },
    {
      "type": "bitmap",
      "file": "sunpack:emojis/gross.png",
      "ascent": 8,
      "height": 8,
      "chars": ["\ue012"],
      "widths": [8]
    },
    {
      "type": "bitmap",
      "file": "sunpack:emojis/dead.png",
      "ascent": 8,
      "height": 8,
      "chars": ["\ue012"],
      "widths": [8]
    },
    {
      "type": "bitmap",
      "file": "sunpack:emojis/meh.png",
      "ascent": 8,
      "height": 8,
      "chars": ["\ue013"],
      "widths": [8]
    },
    {
      "type": "bitmap",
      "file": "sunpack:emojis/angry.png",
      "ascent": 8,
      "height": 8,
      "chars": ["\ue014"],
      "widths": [8]
    },
    {
      "type": "bitmap",
      "file": "sunpack:emojis/love.png",
      "ascent": 8,
      "height": 8,
      "chars": ["\ue015"],
      "widths": [8]
    },
    {
      "type": "bitmap",
      "file": "sunpack:emojis/blah.png",
      "ascent": 8,
      "height": 8,
      "chars": ["\ue016"],
      "widths": [8]
    },
    {
      "type": "bitmap",
      "file": "sunpack:emojis/kiss.png",
      "ascent": 8,
      "height": 8,
      "chars": ["\ue017"],
      "widths": [8]
    },
    {
      "type": "bitmap",
      "file": "sunpack:emojis/shocked.png",
      "ascent": 8,
      "height": 8,
      "chars": ["\ue018"],
      "widths": [8]
    },
    {
      "type": "bitmap",
      "file": "sunpack:emojis/happy.png",
      "ascent": 8,
      "height": 8,
      "chars": ["\ue019"],
      "widths": [8]
    },
    {
      "type": "bitmap",
      "file": "sunpack:emojis/skull.png",
      "ascent": 8,
      "height": 8,
      "chars": ["\ue01a"],
      "widths": [8]
    },
    {
      "type": "bitmap",
      "file": "sunpack:emojis/smurk.png",
      "ascent": 8,
      "height": 8,
      "chars": ["\ue01b"],
      "widths": [8]
    },
    {
      "type": "bitmap",
      "file": "sunpack:emojis/smile.png",
      "ascent": 8,
      "height": 8,
      "chars": ["\ue01c"],
      "widths": [8]
    },
    {
      "type": "bitmap",
      "file": "sunpack:emojis/frown.png",
      "ascent": 8,
      "height": 8,
      "chars": ["\ue01d"],
      "widths": [8]
    },
    {
      "type": "bitmap",
      "file": "sunpack:emojis/eat.png",
      "ascent": 8,
      "height": 8,
      "chars": ["\ue01e"],
      "widths": [8]
    },
    {
      "type": "bitmap",
      "file": "sunpack:gui/scale-menu.png",
      "ascent": 22,
      "height": 141,
      "chars": ["\ue01f"],
      "widths": [176]
    },
    {
      "type": "bitmap",
      "file": "sunpack:gui/soundboard-menu.png",
      "ascent": 22,
      "height": 231,
      "chars": ["\ue021"],
      "widths": [176]
    },
    {
      "type": "bitmap",
      "file": "sunpack:gui/gravity-menu.png",
      "ascent": 22,
      "height": 141,
      "chars": ["\ue022"],
      "widths": [176]
    },
    {
      "type": "bitmap",
      "file": "sunpack:prefixes/staff/qa_team.png",
      "ascent": 8,
      "height": 8,
      "chars": ["\ue023"],
      "widths": [50]
    },
    {
      "type": "bitmap",
      "file": "sunpack:prefixes/misc/youtuber.png",
      "ascent": 8,
      "height": 8,
      "chars": ["\ue024"],
      "widths": [64]
    },
    {
      "type": "bitmap",
      "file": "sunpack:prefixes/misc/streamer.png",
      "ascent": 8,
      "height": 8,
      "chars": ["\ue025"],
      "widths": [64]
    },
    {
      "type": "bitmap",
      "file": "sunpack:prefixes/misc/patron.png",
      "ascent": 8,
      "height": 8,
      "chars": ["\ue026"],
      "widths": [50]
    },
    {
      "type": "bitmap",
      "file": "sunpack:prefixes/misc/patron_plus.png",
      "ascent": 8,
      "height": 8,
      "chars": ["\ue027"],
      "widths": [57]
    },
    {
      "type": "bitmap",
      "file": "sunpack:gui/keystone-menu.png",
      "ascent": 22,
      "height": 141,
      "chars": ["\ue028"],
      "widths": [176]
    }
  ]
}
